agent0_payoff_mean,agent0_payoff_std,agent0_payoff_min,agent0_payoff_max,agent0_payoff_sample_count,agent1_payoff_mean,agent1_payoff_std,agent1_payoff_min,agent1_payoff_max,agent1_payoff_sample_count,deal_mean,deal_std,deal_min,deal_max,deal_sample_count,first_proposer_index_mean,first_proposer_index_std,first_proposer_index_min,first_proposer_index_max,first_proposer_index_sample_count,last_proposer_payoff_mean,last_proposer_payoff_std,last_proposer_payoff_min,last_proposer_payoff_max,last_proposer_payoff_sample_count,last_responder_payoff_mean,last_responder_payoff_std,last_responder_payoff_min,last_responder_payoff_max,last_responder_payoff_sample_count,last_timestep_mean,last_timestep_std,last_timestep_min,last_timestep_max,last_timestep_sample_count,proposer_last_decision_mean,proposer_last_decision_std,proposer_last_decision_min,proposer_last_decision_max,proposer_last_decision_sample_count,file_name,task,proposer_last_decision_x1_mean,proposer_last_decision_x1_std,proposer_last_decision_x1_min,proposer_last_decision_x1_max,proposer_last_decision_x1_sample_count,proposer_last_decision_x2_mean,proposer_last_decision_x2_std,proposer_last_decision_x2_min,proposer_last_decision_x2_max,proposer_last_decision_x2_sample_count,responder_last_response_y1_mean,responder_last_response_y1_std,responder_last_response_y1_min,responder_last_response_y1_max,responder_last_response_y1_sample_count,responder_last_response_y2_mean,responder_last_response_y2_std,responder_last_response_y2_min,responder_last_response_y2_max,responder_last_response_y2_sample_count
0.500082425,0.5221272779851882,0.0,1.0,12,0.499917575,0.5221272779851882,0.0,1.0,12,1.0,0.0,True,True,12,0.5,0.5222329678670935,0,1,12,0.9998987416666668,0.0002855721544177,0.999,1.0,12,0.0001012583333333,0.0002855721544177,0.0,0.001,12,1.0,0.0,1,1,12,0.9998987416666668,0.0002855721544177,0.999,1.0,12.0,2_task=bargaining_duration=one_shot_scenario=pure_math_value_setting=unbounded_first_run_proposer=coin_flip_may_meet_again_context=never_meet_again_long_term_type=.csv,bargaining,,,,,,,,,,,,,,,,,,,,
0.8324080833333335,0.3885937822481228,1.0000000000287557e-06,1.0,12,0.1675919166666667,0.3885937822481228,0.0,0.999999,12,1.0,0.0,True,True,12,0.1666666666666666,0.3892494720807614,0,1,12,0.9989079166666668,0.002839626302505,0.99,1.0,12,0.0010920833333333,0.002839626302505,0.0,0.01,12,1.0,0.0,1,1,12,0.9989079166666668,0.002839626302505,0.99,1.0,12.0,3_task=bargaining_duration=one_shot_scenario=pure_math_value_setting=unbounded_first_run_proposer=coin_flip_may_meet_again_context=may_meet_again_alternating_long_term_type=.csv,bargaining,,,,,,,,,,,,,,,,,,,,
0.3334258333333333,0.4922604275727955,0.0,0.999999,12,0.5832408333333333,0.514811405370555,0.0,0.999999,12,0.9166666666666666,0.2886751345948128,False,True,12,0.5833333333333334,0.5149286505444373,0,1,12,0.8332238333333334,0.3891750684446253,0.0,0.999999,12,0.0834428333333333,0.2886092943894387,0.0,0.9999,12,1.0,0.0,1,1,12,0.9165571666666668,0.2886092943894387,0.0001,1.0,12.0,4_task=bargaining_duration=one_shot_scenario=pure_math_value_setting=unbounded_first_run_proposer=coin_flip_may_meet_again_context=may_meet_again_fixed_role_long_term_type=.csv,bargaining,,,,,,,,,,,,,,,,,,,,
0.9164746583333332,0.2886149113513162,0.0,1.0,12,0.0001920083333333,0.0003799040081109,0.0,0.001,12,0.9166666666666666,0.2886751345948128,False,True,12,0.0,0.0,0,0,12,0.9164746583333332,0.2886149113513162,0.0,1.0,12,0.0001920083333333,0.0003799040081109,0.0,0.001,12,1.0,0.0,1,1,12,0.9998079916666668,0.0003799040081109,0.999,1.0,12.0,5_task=bargaining_duration=one_shot_scenario=pure_math_value_setting=unbounded_first_run_proposer=system_assigned_may_meet_again_context=never_meet_again_long_term_type=.csv,bargaining,,,,,,,,,,,,,,,,,,,,
0.9164745833333332,0.2886148876732259,0.0,1.0,12,0.0001920833333333,0.0003798627642938,0.0,0.001,12,0.9166666666666666,0.2886751345948128,False,True,12,0.0,0.0,0,0,12,0.9164745833333332,0.2886148876732259,0.0,1.0,12,0.0001920833333333,0.0003798627642938,0.0,0.001,12,1.0,0.0,1,1,12,0.9998079166666668,0.0003798627642938,0.999,1.0,12.0,6_task=bargaining_duration=one_shot_scenario=pure_math_value_setting=unbounded_first_run_proposer=system_assigned_may_meet_again_context=may_meet_again_alternating_long_term_type=.csv,bargaining,,,,,,,,,,,,,,,,,,,,
0.83297475,0.3890822325272465,0.0,0.999999,12,0.0003585833333333,0.0004754919860395,0.0,0.001,12,0.8333333333333334,0.3892494720807615,False,True,12,0.0,0.0,0,0,12,0.83297475,0.3890822325272465,0.0,0.999999,12,0.0003585833333333,0.0004754919860395,0.0,0.001,12,1.0,0.0,1,1,12,0.9996414166666666,0.0004754919860395,0.999,1.0,12.0,7_task=bargaining_duration=one_shot_scenario=pure_math_value_setting=unbounded_first_run_proposer=system_assigned_may_meet_again_context=may_meet_again_fixed_role_long_term_type=.csv,bargaining,,,,,,,,,,,,,,,,,,,,
0.2777722222222222,0.3432787840848519,0.0,0.6666666666666666,12,0.3333388888888889,0.3481493937528129,0.0,0.6666666666666666,12,0.9166666666666666,0.2886751345948128,False,True,12,0.5833333333333334,0.5149286505444373,0,1,12,0.6111054444444445,0.1924483061433408,0.0,0.6666666666666666,12,5.666666666663082e-06,1.921173883569262e-05,0.0,6.666666666665932e-05,12,1.0,0.0,1,1,12,0.4999915,2.881760825353893e-05,0.4999,0.5,12.0,8_task=bargaining_duration=one_shot_scenario=pure_math_value_setting=bounded_first_run_proposer=coin_flip_may_meet_again_context=never_meet_again_long_term_type=.csv,bargaining,,,,,,,,,,,,,,,,,,,,
0.3333333333333333,0.3481553119113957,0.0,0.6666666666666666,12,0.2777777777777777,0.3432857670296248,0.0,0.6666666666666666,12,0.9166666666666666,0.2886751345948128,False,True,12,0.4166666666666667,0.5149286505444373,0,1,12,0.6111111111111112,0.1924500897298752,0.0,0.6666666666666666,12,0.0,0.0,0.0,0.0,12,1.0,0.0,1,1,12,0.5,0.0,0.5,0.5,12.0,9_task=bargaining_duration=one_shot_scenario=pure_math_value_setting=bounded_first_run_proposer=coin_flip_may_meet_again_context=may_meet_again_alternating_long_term_type=.csv,bargaining,,,,,,,,,,,,,,,,,,,,
0.3333333388888888,0.3481553061088076,0.0,0.6666666666666666,12,0.1666666611111111,0.3015113345273859,0.0,0.6666666666666666,12,0.75,0.4522670168666454,False,True,12,0.4166666666666667,0.5149286505444373,0,1,12,0.4999999944444445,0.3015113412276382,0.0,0.6666666666666666,12,5.555555555715311e-09,1.9245008973540935e-08,0.0,6.666666666858374e-08,12,1.0,0.0,1,1,12,0.4999999916666666,2.8867513460311394e-08,0.4999999,0.5,12.0,10_task=bargaining_duration=one_shot_scenario=pure_math_value_setting=bounded_first_run_proposer=coin_flip_may_meet_again_context=may_meet_again_fixed_role_long_term_type=.csv,bargaining,,,,,,,,,,,,,,,,,,,,
0.4999999444444445,0.3015113110765627,0.0,0.6666666666666666,12,5.5555555554069144e-08,1.9245008972472617e-07,0.0,6.666666666488297e-07,12,0.75,0.4522670168666454,False,True,12,0.0,0.0,0,0,12,0.4999999444444445,0.3015113110765627,0.0,0.6666666666666666,12,5.5555555554069144e-08,1.9245008972472617e-07,0.0,6.666666666488297e-07,12,1.0,0.0,1,1,12,0.4999999166666666,2.886751345870892e-07,0.499999,0.5,12.0,11_task=bargaining_duration=one_shot_scenario=pure_math_value_setting=bounded_first_run_proposer=system_assigned_may_meet_again_context=never_meet_again_long_term_type=.csv,bargaining,,,,,,,,,,,,,,,,,,,,
0.4444388888888889,0.32823987343372,0.0,0.6666666666666666,12,5.555555555554943e-06,1.924500897298541e-05,0.0,6.666666666665932e-05,12,0.6666666666666666,0.4923659639173309,False,True,12,0.0,0.0,0,0,12,0.4444388888888889,0.32823987343372,0.0,0.6666666666666666,12,5.555555555554943e-06,1.924500897298541e-05,0.0,6.666666666665932e-05,12,1.0,0.0,1,1,12,0.4999916666666666,2.8867513459478108e-05,0.4999,0.5,12.0,12_task=bargaining_duration=one_shot_scenario=pure_math_value_setting=bounded_first_run_proposer=system_assigned_may_meet_again_context=may_meet_again_alternating_long_term_type=.csv,bargaining,,,,,,,,,,,,,,,,,,,,
0.6111105000000001,0.1924498972892331,0.0,0.6666666666666666,12,6.111111111101803e-07,1.916611769088313e-06,0.0,6.666666666673334e-06,12,0.9166666666666666,0.2886751345948128,False,True,12,0.0,0.0,0,0,12,0.6111105000000001,0.1924498972892331,0.0,0.6666666666666666,12,6.111111111101803e-07,1.916611769088313e-06,0.0,6.666666666673334e-06,12,1.0,0.0,1,1,12,0.4999990833333333,2.87491765363247e-06,0.49999,0.5,12.0,13_task=bargaining_duration=one_shot_scenario=pure_math_value_setting=bounded_first_run_proposer=system_assigned_may_meet_again_context=may_meet_again_fixed_role_long_term_type=.csv,bargaining,,,,,,,,,,,,,,,,,,,,
0.2491176666666667,0.4505939209894049,0.0,0.999999,12,0.6675490000000001,0.4909929671123795,0.0,0.999999,12,0.9166666666666666,0.2886751345948128,False,True,12,0.6666666666666666,0.4923659639173309,0,1,12,0.9157155,0.2883896538336157,0.0,0.999999,12,0.0009511666666666,0.0028633020935255,0.0,0.01,12,1.0,0.0,1,1,12,0.9990488333333336,0.0028633020935255,0.99,1.0,12.0,14_task=bargaining_duration=one_shot_scenario=splitting_coins_value_setting=unbounded_first_run_proposer=coin_flip_may_meet_again_context=never_meet_again_long_term_type=.csv,bargaining,,,,,,,,,,,,,,,,,,,,
0.6671583333333334,0.4905196788904477,0.0,1.0,12,0.2495083333333333,0.4501570543272714,0.0,0.999,12,0.9166666666666666,0.2886751345948128,False,True,12,0.25,0.4522670168666454,0,1,12,0.9151583333333334,0.2882124704208001,0.0,1.0,12,0.0015083333333333,0.0027087260787493,0.0,0.01,12,1.0,0.0,1,1,12,0.9984916666666668,0.0027087260787493,0.99,1.0,12.0,15_task=bargaining_duration=one_shot_scenario=splitting_coins_value_setting=unbounded_first_run_proposer=coin_flip_may_meet_again_context=may_meet_again_alternating_long_term_type=.csv,bargaining,,,,,,,,,,,,,,,,,,,,
0.5834164166666668,0.5144372439126534,9.9999999999989e-05,0.999999,12,0.4165835833333333,0.5144372439126536,1.0000000000287557e-06,0.9999,12,1.0,0.0,True,True,12,0.4166666666666667,0.5149286505444373,0,1,12,0.9995497500000002,0.0004868546777763,0.999,0.999999,12,0.00045025,0.0004868546777763,1.0000000000287557e-06,0.001,12,1.0,0.0,1,1,12,0.9995497500000002,0.0004868546777763,0.999,0.999999,12.0,16_task=bargaining_duration=one_shot_scenario=splitting_coins_value_setting=unbounded_first_run_proposer=coin_flip_may_meet_again_context=may_meet_again_fixed_role_long_term_type=.csv,bargaining,,,,,,,,,,,,,,,,,,,,
0.9152333333333336,0.2882048492852179,0.0001,0.9999,12,0.0847666666666666,0.2882048492852179,9.9999999999989e-05,0.9999,12,1.0,0.0,True,True,12,0.0,0.0,0,0,12,0.9152333333333336,0.2882048492852179,0.0001,0.9999,12,0.0847666666666666,0.2882048492852179,9.9999999999989e-05,0.9999,12,1.0,0.0,1,1,12,0.9152333333333336,0.2882048492852179,0.0001,0.9999,12.0,17_task=bargaining_duration=one_shot_scenario=splitting_coins_value_setting=unbounded_first_run_proposer=system_assigned_may_meet_again_context=never_meet_again_long_term_type=.csv,bargaining,,,,,,,,,,,,,,,,,,,,
0.9971415833333334,0.0043273280745919,0.99,1.0,12,0.0028584166666666,0.0043273280745919,0.0,0.01,12,1.0,0.0,True,True,12,0.0,0.0,0,0,12,0.9971415833333334,0.0043273280745919,0.99,1.0,12,0.0028584166666666,0.0043273280745919,0.0,0.01,12,1.0,0.0,1,1,12,0.9971415833333334,0.0043273280745919,0.99,1.0,12.0,18_task=bargaining_duration=one_shot_scenario=splitting_coins_value_setting=unbounded_first_run_proposer=system_assigned_may_meet_again_context=may_meet_again_alternating_long_term_type=.csv,bargaining,,,,,,,,,,,,,,,,,,,,
0.9986490000000002,0.0027653322996111,0.99,0.999999,12,0.0013509999999999,0.0027653322996111,1.0000000000287557e-06,0.01,12,1.0,0.0,True,True,12,0.0,0.0,0,0,12,0.9986490000000002,0.0027653322996111,0.99,0.999999,12,0.0013509999999999,0.0027653322996111,1.0000000000287557e-06,0.01,12,1.0,0.0,1,1,12,0.9986490000000002,0.0027653322996111,0.99,0.999999,12.0,19_task=bargaining_duration=one_shot_scenario=splitting_coins_value_setting=unbounded_first_run_proposer=system_assigned_may_meet_again_context=may_meet_again_fixed_role_long_term_type=.csv,bargaining,,,,,,,,,,,,,,,,,,,,
6.666666666665988e-05,0.000190692517849,0.0,0.0006666666666666,12,0.2777111111111111,0.3432034215333358,0.0,0.6666666666666666,12,0.4166666666666667,0.5149286505444373,False,True,12,0.75,0.4522670168666454,0,1,12,0.2777111111111111,0.3432034215333358,0.0,0.6666666666666666,12,6.666666666665988e-05,0.000190692517849,0.0,0.0006666666666666,12,1.0,0.0,1,1,12,0.4999,0.0002860387767736,0.499,0.5,12.0,20_task=bargaining_duration=one_shot_scenario=splitting_coins_value_setting=bounded_first_run_proposer=coin_flip_may_meet_again_context=never_meet_again_long_term_type=.csv,bargaining,,,,,,,,,,,,,,,,,,,,
0.2222666666666666,0.3281864646136955,0.0,0.6666666666666666,12,0.2221777777777777,0.3281536328217129,0.0,0.6666666666666666,12,0.6666666666666666,0.492365963917331,False,True,12,0.5833333333333334,0.5149286505444373,0,1,12,0.4443776666666667,0.3281947089568519,0.0,0.6666666666666666,12,6.677777777776803e-05,0.0001906503136308,0.0,0.0006666666666666,12,1.0,0.0,1,1,12,0.4998998333333333,0.0002859754704462,0.499,0.5,12.0,21_task=bargaining_duration=one_shot_scenario=splitting_coins_value_setting=bounded_first_run_proposer=coin_flip_may_meet_again_context=may_meet_again_alternating_long_term_type=.csv,bargaining,,,,,,,,,,,,,,,,,,,,
0.1666721666666666,0.3014944949283334,0.0,0.6666666666666666,12,0.2222167222222222,0.3282234208184638,0.0,0.6666666666666666,12,0.5833333333333334,0.5149286505444373,False,True,12,0.4166666666666667,0.5149286505444373,0,1,12,0.3888721666666667,0.3432710067455318,0.0,0.6666666666666666,12,1.67222222222189e-05,3.011822943181747e-05,0.0,6.666666666665932e-05,12,1.0,0.0,1,1,12,0.4999749166666666,4.517734414772621e-05,0.4999,0.5,12.0,22_task=bargaining_duration=one_shot_scenario=splitting_coins_value_setting=bounded_first_run_proposer=coin_flip_may_meet_again_context=may_meet_again_fixed_role_long_term_type=.csv,bargaining,,,,,,,,,,,,,,,,,,,,
0.4438666111111111,0.3278225494121283,0.0,0.6666666666666666,12,0.0005778333333333,0.0019177526225277,0.0,0.0066666666666666,12,0.6666666666666666,0.4923659639173309,False,True,12,0.0,0.0,0,0,12,0.4438666111111111,0.3278225494121283,0.0,0.6666666666666666,12,0.0005778333333333,0.0019177526225277,0.0,0.0066666666666666,12,1.0,0.0,1,1,12,0.49913325,0.0028766289337916,0.49,0.5,12.0,23_task=bargaining_duration=one_shot_scenario=splitting_coins_value_setting=bounded_first_run_proposer=system_assigned_may_meet_again_context=never_meet_again_long_term_type=.csv,bargaining,,,,,,,,,,,,,,,,,,,,
0.4443222222222223,0.3281537959626763,0.0,0.6666666666666666,12,0.0001222222222222,0.0002555775133298,0.0,0.0006666666666666,12,0.6666666666666666,0.4923659639173309,False,True,12,0.0,0.0,0,0,12,0.4443222222222223,0.3281537959626763,0.0,0.6666666666666666,12,0.0001222222222222,0.0002555775133298,0.0,0.0006666666666666,12,1.0,0.0,1,1,12,0.4998166666666666,0.0003833662699947,0.499,0.5,12.0,24_task=bargaining_duration=one_shot_scenario=splitting_coins_value_setting=bounded_first_run_proposer=system_assigned_may_meet_again_context=may_meet_again_alternating_long_term_type=.csv,bargaining,,,,,,,,,,,,,,,,,,,,
0.3887166111111111,0.3431337877696219,0.0,0.6666666666666666,12,0.0001722777777777,0.0002987280048395,0.0,0.0006666666666666,12,0.5833333333333334,0.5149286505444373,False,True,12,0.0,0.0,0,0,12,0.3887166111111111,0.3431337877696219,0.0,0.6666666666666666,12,0.0001722777777777,0.0002987280048395,0.0,0.0006666666666666,12,1.0,0.0,1,1,12,0.4997415833333332,0.0004480920072593,0.499,0.5,12.0,25_task=bargaining_duration=one_shot_scenario=splitting_coins_value_setting=bounded_first_run_proposer=system_assigned_may_meet_again_context=may_meet_again_fixed_role_long_term_type=.csv,bargaining,,,,,,,,,,,,,,,,,,,,
0.0002500833333333,0.0004522168543224,0.0,0.001,12,0.33308325,0.4919966355053337,0.0,0.999999,12,0.3333333333333333,0.4923659639173309,False,True,12,0.75,0.4522670168666454,0,1,12,0.33308325,0.4919966355053337,0.0,0.999999,12,0.0002500833333333,0.0004522168543224,0.0,0.001,12,1.0,0.0,1,1,12,0.9997499166666668,0.0004522168543224,0.999,1.0,12.0,26_task=bargaining_duration=one_shot_scenario=making_deals_seller_as_proposer_value_setting=unbounded_first_run_proposer=coin_flip_may_meet_again_context=never_meet_again_long_term_type=.csv,bargaining,,,,,,,,,,,,,,,,,,,,
0.2499,0.452086164353655,0.0,0.9999,12,9.999999999999816e-05,0.0002860387767736,0.0,0.001,12,0.25,0.4522670168666454,False,True,12,0.3333333333333333,0.4923659639173309,0,1,12,0.2499,0.452086164353655,0.0,0.9999,12,9.999999999999816e-05,0.0002860387767736,0.0,0.001,12,1.0,0.0,1,1,12,0.9999,0.0002860387767736,0.999,1.0,12.0,27_task=bargaining_duration=one_shot_scenario=making_deals_seller_as_proposer_value_setting=unbounded_first_run_proposer=coin_flip_may_meet_again_context=may_meet_again_alternating_long_term_type=.csv,bargaining,,,,,,,,,,,,,,,,,,,,
0.1666666666666666,0.3889927186356001,0.0,0.9999,12,0.1666666666666666,0.3889927186356001,0.0,0.9999,12,0.3333333333333333,0.4923659639173309,False,True,12,0.4166666666666667,0.5149286505444373,0,1,12,0.33315,0.4920952374564021,0.0,0.9999,12,0.0001833333333333,0.0003833662699947,0.0,0.001,12,1.0,0.0,1,1,12,0.9998166666666668,0.0003833662699947,0.999,1.0,12.0,28_task=bargaining_duration=one_shot_scenario=making_deals_seller_as_proposer_value_setting=unbounded_first_run_proposer=coin_flip_may_meet_again_context=may_meet_again_fixed_role_long_term_type=.csv,bargaining,,,,,,,,,,,,,,,,,,,,
0.333225,0.4922060010808483,0.0,0.9999,12,0.0001083333333333,0.0002843120351538,0.0,0.001,12,0.3333333333333333,0.4923659639173309,False,True,12,0.0,0.0,0,0,12,0.333225,0.4922060010808483,0.0,0.9999,12,0.0001083333333333,0.0002843120351538,0.0,0.001,12,1.0,0.0,1,1,12,0.9998916666666668,0.0002843120351538,0.999,1.0,12.0,29_task=bargaining_duration=one_shot_scenario=making_deals_seller_as_proposer_value_setting=unbounded_first_run_proposer=system_assigned_may_meet_again_context=never_meet_again_long_term_type=.csv,bargaining,,,,,,,,,,,,,,,,,,,,
0.4163332499999999,0.5145166751723275,0.0,0.999999,12,0.0003334166666666,0.0004923044989607,0.0,0.001,12,0.4166666666666667,0.5149286505444373,False,True,12,0.0,0.0,0,0,12,0.4163332499999999,0.5145166751723275,0.0,0.999999,12,0.0003334166666666,0.0004923044989607,0.0,0.001,12,1.0,0.0,1,1,12,0.9996665833333332,0.0004923044989607,0.999,1.0,12.0,30_task=bargaining_duration=one_shot_scenario=making_deals_seller_as_proposer_value_setting=unbounded_first_run_proposer=system_assigned_may_meet_again_context=may_meet_again_alternating_long_term_type=.csv,bargaining,,,,,,,,,,,,,,,,,,,,
0.5828249999999999,0.5144799883465739,0.0,0.9999,12,0.0005083333333333,0.0005142661732699,0.0,0.001,12,0.5833333333333334,0.5149286505444373,False,True,12,0.0,0.0,0,0,12,0.5828249999999999,0.5144799883465739,0.0,0.9999,12,0.0005083333333333,0.0005142661732699,0.0,0.001,12,1.0,0.0,1,1,12,0.9994916666666668,0.0005142661732699,0.999,1.0,12.0,31_task=bargaining_duration=one_shot_scenario=making_deals_seller_as_proposer_value_setting=unbounded_first_run_proposer=system_assigned_may_meet_again_context=may_meet_again_fixed_role_long_term_type=.csv,bargaining,,,,,,,,,,,,,,,,,,,,
0.0555555555555555,0.1924500897298752,0.0,0.6666666666666666,12,0.1666666666666666,0.3015113445777636,0.0,0.6666666666666666,12,0.3333333333333333,0.4923659639173309,False,True,12,0.6666666666666666,0.4923659639173309,0,1,12,0.2222222222222222,0.3282439759448873,0.0,0.6666666666666666,12,0.0,0.0,0.0,0.0,12,1.0,0.0,1,1,12,0.5,0.0,0.5,0.5,12.0,32_task=bargaining_duration=one_shot_scenario=making_deals_seller_as_proposer_value_setting=bounded_first_run_proposer=coin_flip_may_meet_again_context=never_meet_again_long_term_type=.csv,bargaining,,,,,,,,,,,,,,,,,,,,
0.1110611111111111,0.2593673428791461,0.0,0.6666666666666666,12,0.1667166666666666,0.3014678529522449,0.0,0.6666666666666666,12,0.4166666666666667,0.5149286505444373,False,True,12,0.5,0.5222329678670935,0,1,12,0.2777166666666666,0.3432102893668439,0.0,0.6666666666666666,12,6.111111111110494e-05,0.0001916611769086,0.0,0.0006666666666666,12,1.0,0.0,1,1,12,0.4999083333333334,0.0002874917653629,0.499,0.5,12.0,33_task=bargaining_duration=one_shot_scenario=making_deals_seller_as_proposer_value_setting=bounded_first_run_proposer=coin_flip_may_meet_again_context=may_meet_again_alternating_long_term_type=.csv,bargaining,,,,,,,,,,,,,,,,,,,,
0.1666666666666666,0.3015113445777636,0.0,0.6666666666666666,12,0.0,0.0,0.0,0.0,12,0.25,0.4522670168666454,False,True,12,0.6666666666666666,0.4923659639173309,0,1,12,0.1666666666666666,0.3015113445777636,0.0,0.6666666666666666,12,0.0,0.0,0.0,0.0,12,1.0,0.0,1,1,12,0.5,0.0,0.5,0.5,12.0,34_task=bargaining_duration=one_shot_scenario=making_deals_seller_as_proposer_value_setting=bounded_first_run_proposer=coin_flip_may_meet_again_context=may_meet_again_fixed_role_long_term_type=.csv,bargaining,,,,,,,,,,,,,,,,,,,,
0.3888777777777778,0.3432759597055764,0.0,0.6666666666666666,12,1.1111111111109889e-05,2.594996480538124e-05,0.0,6.666666666665932e-05,12,0.5833333333333334,0.5149286505444373,False,True,12,0.0,0.0,0,0,12,0.3888777777777778,0.3432759597055764,0.0,0.6666666666666666,12,1.1111111111109889e-05,2.594996480538124e-05,0.0,6.666666666665932e-05,12,1.0,0.0,1,1,12,0.4999833333333334,3.892494720807187e-05,0.4999,0.5,12.0,35_task=bargaining_duration=one_shot_scenario=making_deals_seller_as_proposer_value_setting=bounded_first_run_proposer=system_assigned_may_meet_again_context=never_meet_again_long_term_type=.csv,bargaining,,,,,,,,,,,,,,,,,,,,
0.2777777777777777,0.3432857670296247,0.0,0.6666666666666666,12,0.0,0.0,0.0,0.0,12,0.4166666666666667,0.5149286505444373,False,True,12,0.0,0.0,0,0,12,0.2777777777777777,0.3432857670296247,0.0,0.6666666666666666,12,0.0,0.0,0.0,0.0,12,1.0,0.0,1,1,12,0.5,0.0,0.5,0.5,12.0,36_task=bargaining_duration=one_shot_scenario=making_deals_seller_as_proposer_value_setting=bounded_first_run_proposer=system_assigned_may_meet_again_context=may_meet_again_alternating_long_term_type=.csv,bargaining,,,,,,,,,,,,,,,,,,,,
0.3332777777777777,0.3480973343890386,0.0,0.6666666666666666,12,5.5555555555549995e-05,0.0001924500897298,0.0,0.0006666666666666,12,0.5,0.5222329678670935,False,True,12,0.0,0.0,0,0,12,0.3332777777777777,0.3480973343890386,0.0,0.6666666666666666,12,5.5555555555549995e-05,0.0001924500897298,0.0,0.0006666666666666,12,1.0,0.0,1,1,12,0.4999166666666667,0.0002886751345948,0.499,0.5,12.0,37_task=bargaining_duration=one_shot_scenario=making_deals_seller_as_proposer_value_setting=bounded_first_run_proposer=system_assigned_may_meet_again_context=may_meet_again_fixed_role_long_term_type=.csv,bargaining,,,,,,,,,,,,,,,,,,,,
0.0833424999999999,0.2883574710832813,0.0,0.999,12,0.2499908333333333,0.4520495758302769,0.0,0.99999,12,0.3333333333333333,0.492365963917331,False,True,12,0.6666666666666666,0.4923659639173309,0,1,12,0.3331575,0.4921063237317909,0.0,0.99999,12,0.0001758333333333,0.0003860159754897,0.0,0.001,12,1.0,0.0,1,1,12,0.9998241666666668,0.0003860159754897,0.999,1.0,12.0,38_task=bargaining_duration=one_shot_scenario=making_deals_buyer_as_proposer_value_setting=unbounded_first_run_proposer=coin_flip_may_meet_again_context=never_meet_again_long_term_type=.csv,bargaining,,,,,,,,,,,,,,,,,,,,
0.0835991666666666,0.2885885986678278,0.0,0.99999,12,0.4164008333333333,0.5145984464601913,0.0,0.9999,12,0.5,0.5222329678670935,False,True,12,0.5833333333333334,0.5149286505444373,0,1,12,0.4997324999999999,0.5219536866798015,0.0,0.99999,12,0.0002674999999999,0.0004432755145709,0.0,0.001,12,1.0,0.0,1,1,12,0.9997325,0.000443275514571,0.999,1.0,12.0,39_task=bargaining_duration=one_shot_scenario=making_deals_buyer_as_proposer_value_setting=unbounded_first_run_proposer=coin_flip_may_meet_again_context=may_meet_again_alternating_long_term_type=.csv,bargaining,,,,,,,,,,,,,,,,,,,,
0.3334,0.4919107735056319,0.0,0.9999,12,0.2499333333333333,0.4517043448446285,0.0,0.999,12,0.5833333333333334,0.5149286505444373,False,True,12,0.3333333333333333,0.492365963917331,0,1,12,0.5829,0.5145462343392742,0.0,0.9999,12,0.0004333333333333,0.0005015128627614,0.0,0.001,12,1.0,0.0,1,1,12,0.9995666666666668,0.0005015128627614,0.999,1.0,12.0,40_task=bargaining_duration=one_shot_scenario=making_deals_buyer_as_proposer_value_setting=unbounded_first_run_proposer=coin_flip_may_meet_again_context=may_meet_again_fixed_role_long_term_type=.csv,bargaining,,,,,,,,,,,,,,,,,,,,
0.4164915,0.5147122740058495,0.0,0.999999,12,0.0001751666666666,0.0003863349543721,0.0,0.001,12,0.4166666666666667,0.5149286505444373,False,True,12,0.0,0.0,0,0,12,0.4164915,0.5147122740058495,0.0,0.999999,12,0.0001751666666666,0.0003863349543721,0.0,0.001,12,1.0,0.0,1,1,12,0.9998248333333334,0.0003863349543721,0.999,1.0,12.0,41_task=bargaining_duration=one_shot_scenario=making_deals_buyer_as_proposer_value_setting=unbounded_first_run_proposer=system_assigned_may_meet_again_context=never_meet_again_long_term_type=.csv,bargaining,,,,,,,,,,,,,,,,,,,,
0.3330825,0.4919955264416906,0.0,0.99999,12,0.0002508333333333,0.0004517734414773,0.0,0.001,12,0.3333333333333333,0.492365963917331,False,True,12,0.0,0.0,0,0,12,0.3330825,0.4919955264416906,0.0,0.99999,12,0.0002508333333333,0.0004517734414773,0.0,0.001,12,1.0,0.0,1,1,12,0.9997491666666668,0.0004517734414773,0.999,1.0,12.0,42_task=bargaining_duration=one_shot_scenario=making_deals_buyer_as_proposer_value_setting=unbounded_first_run_proposer=system_assigned_may_meet_again_context=may_meet_again_alternating_long_term_type=.csv,bargaining,,,,,,,,,,,,,,,,,,,,
0.499725,0.5219458455451276,0.0,0.9999,12,0.0002749999999999,0.0004392659165636,0.0,0.001,12,0.5,0.5222329678670935,False,True,12,0.0,0.0,0,0,12,0.499725,0.5219458455451276,0.0,0.9999,12,0.0002749999999999,0.0004392659165636,0.0,0.001,12,1.0,0.0,1,1,12,0.999725,0.0004392659165636,0.999,1.0,12.0,43_task=bargaining_duration=one_shot_scenario=making_deals_buyer_as_proposer_value_setting=unbounded_first_run_proposer=system_assigned_may_meet_again_context=may_meet_again_fixed_role_long_term_type=.csv,bargaining,,,,,,,,,,,,,,,,,,,,
0.2777833333333333,0.3432808634516657,0.0,0.6666666666666666,12,0.1666611111111111,0.3015012946463093,0.0,0.6666666666666666,12,0.6666666666666666,0.4923659639173309,False,True,12,0.5833333333333334,0.5149286505444373,0,1,12,0.4444388888888889,0.3282398734337199,0.0,0.6666666666666666,12,5.555555555554943e-06,1.924500897298541e-05,0.0,6.666666666665932e-05,12,1.0,0.0,1,1,12,0.4999916666666666,2.8867513459478108e-05,0.4999,0.5,12.0,44_task=bargaining_duration=one_shot_scenario=making_deals_buyer_as_proposer_value_setting=bounded_first_run_proposer=coin_flip_may_meet_again_context=never_meet_again_long_term_type=.csv,bargaining,,,,,,,,,,,,,,,,,,,,
0.2777722222222222,0.3432789017850855,0.0,0.6666666666666666,12,0.0555611111111111,0.1924483411379116,0.0,0.6666666666666666,12,0.5,0.5222329678670935,False,True,12,0.3333333333333333,0.4923659639173309,0,1,12,0.3333277777777777,0.3481495098064209,0.0,0.6666666666666666,12,5.555555555554943e-06,1.924500897298541e-05,0.0,6.666666666665932e-05,12,1.0,0.0,1,1,12,0.4999916666666666,2.886751345947811e-05,0.4999,0.5,12.0,45_task=bargaining_duration=one_shot_scenario=making_deals_buyer_as_proposer_value_setting=bounded_first_run_proposer=coin_flip_may_meet_again_context=may_meet_again_alternating_long_term_type=.csv,bargaining,,,,,,,,,,,,,,,,,,,,
0.1666722222222222,0.3015079950472973,0.0,0.6666666666666666,12,0.0555499999999999,0.1924308447209022,0.0,0.6666,12,0.3333333333333333,0.4923659639173309,False,True,12,0.25,0.4522670168666454,0,1,12,0.2222166666666666,0.3282357703070933,0.0,0.6666666666666666,12,5.555555555554943e-06,1.924500897298541e-05,0.0,6.666666666665932e-05,12,1.0,0.0,1,1,12,0.4999916666666666,2.886751345947811e-05,0.4999,0.5,12.0,46_task=bargaining_duration=one_shot_scenario=making_deals_buyer_as_proposer_value_setting=bounded_first_run_proposer=coin_flip_may_meet_again_context=may_meet_again_fixed_role_long_term_type=.csv,bargaining,,,,,,,,,,,,,,,,,,,,
0.1666666666666666,0.3015113445777636,0.0,0.6666666666666666,12,0.0,0.0,0.0,0.0,12,0.25,0.4522670168666454,False,True,12,0.0,0.0,0,0,12,0.1666666666666666,0.3015113445777636,0.0,0.6666666666666666,12,0.0,0.0,0.0,0.0,12,1.0,0.0,1,1,12,0.5,0.0,0.5,0.5,12.0,47_task=bargaining_duration=one_shot_scenario=making_deals_buyer_as_proposer_value_setting=bounded_first_run_proposer=system_assigned_may_meet_again_context=never_meet_again_long_term_type=.csv,bargaining,,,,,,,,,,,,,,,,,,,,
0.1666611111111111,0.3015012946463093,0.0,0.6666666666666666,12,5.555555555554943e-06,1.924500897298541e-05,0.0,6.666666666665932e-05,12,0.25,0.4522670168666454,False,True,12,0.0,0.0,0,0,12,0.1666611111111111,0.3015012946463093,0.0,0.6666666666666666,12,5.555555555554943e-06,1.924500897298541e-05,0.0,6.666666666665932e-05,12,1.0,0.0,1,1,12,0.4999916666666666,2.8867513459478108e-05,0.4999,0.5,12.0,48_task=bargaining_duration=one_shot_scenario=making_deals_buyer_as_proposer_value_setting=bounded_first_run_proposer=system_assigned_may_meet_again_context=may_meet_again_alternating_long_term_type=.csv,bargaining,,,,,,,,,,,,,,,,,,,,
0.3887777222222222,0.3431877204015034,0.0,0.6666666666666666,12,0.0001111666666666,0.0002594737681609,0.0,0.0006666666666666,12,0.5833333333333334,0.5149286505444373,False,True,12,0.0,0.0,0,0,12,0.3887777222222222,0.3431877204015034,0.0,0.6666666666666666,12,0.0001111666666666,0.0002594737681609,0.0,0.0006666666666666,12,1.0,0.0,1,1,12,0.49983325,0.0003892106522414,0.499,0.5,12.0,49_task=bargaining_duration=one_shot_scenario=making_deals_buyer_as_proposer_value_setting=bounded_first_run_proposer=system_assigned_may_meet_again_context=may_meet_again_fixed_role_long_term_type=.csv,bargaining,,,,,,,,,,,,,,,,,,,,
0.4674999999999999,0.2958231965826271,0.0,0.99,12,0.4491666666666666,0.2929926568528586,0.0,0.9,12,0.9166666666666666,0.2886751345948128,False,True,12,0.1666666666666666,0.3892494720807614,0,1,12,0.6091666666666666,0.2750688619016678,0.0,0.99,12,0.3074999999999999,0.2196329582818489,0.0,0.5,12,1.25,0.621581560508061,1,3,12,0.6841666666666667,0.2085211274812713,0.5,0.99,12.0,50_task=bargaining_duration=long_term_scenario=pure_math_value_setting=unbounded_first_run_proposer=coin_flip_may_meet_again_context=_long_term_type=alternating_offer.csv,bargaining,,,,,,,,,,,,,,,,,,,,
0.5318333333333334,0.4373727000944147,0.001,0.999,12,0.4681666666666666,0.4373727000944147,0.001,0.999,12,1.0,0.0,True,True,12,0.4166666666666667,0.5149286505444373,0,1,12,0.8630000000000001,0.220572808016681,0.5,0.999,12,0.1369999999999999,0.220572808016681,0.001,0.5,12,1.1666666666666667,0.3892494720807615,1,2,12,0.8630000000000001,0.220572808016681,0.5,0.999,12.0,51_task=bargaining_duration=long_term_scenario=pure_math_value_setting=unbounded_first_run_proposer=coin_flip_may_meet_again_context=_long_term_type=fixed_role.csv,bargaining,,,,,,,,,,,,,,,,,,,,
0.99405825,0.0050215651693471,0.99,0.999999,12,0.00594175,0.0050215651693471,1.0000000000287557e-06,0.01,12,1.0,0.0,True,True,12,0.0,0.0,0,0,12,0.99405825,0.0050215651693471,0.99,0.999999,12,0.00594175,0.0050215651693471,1.0000000000287557e-06,0.01,12,1.0833333333333333,0.2886751345948128,1,2,12,0.99405825,0.0050215651693471,0.99,0.999999,12.0,52_task=bargaining_duration=long_term_scenario=pure_math_value_setting=unbounded_first_run_proposer=system_assigned_may_meet_again_context=_long_term_type=fixed_role.csv,bargaining,,,,,,,,,,,,,,,,,,,,
0.3356111111111111,0.1970961839404957,0.0,0.5333333333333333,12,0.2754999999999999,0.1876267786879263,0.0,0.666,12,0.9166666666666666,0.2886751345948128,False,True,12,0.5,0.5222329678670935,0,1,12,0.4410555555555555,0.1618442843926605,0.0,0.666,12,0.1700555555555555,0.0988399209142235,0.0,0.3333333333333333,12,1.5,0.674199862463242,1,3,12,0.2449083333333333,0.1482442423124347,0.0,0.4999,12.0,53_task=bargaining_duration=long_term_scenario=pure_math_value_setting=bounded_first_run_proposer=coin_flip_may_meet_again_context=_long_term_type=alternating_offer.csv,bargaining,,,,,,,,,,,,,,,,,,,,
0.1812833333333333,0.295110631027509,0.0,0.6666666666666666,12,0.4853833333333334,0.295110631027509,0.0,0.6666666666666666,12,1.0,0.0,True,True,12,0.75,0.4522670168666454,0,1,12,0.650938888888889,0.0476197943592243,0.5,0.6666666666666666,12,0.0157277777777777,0.0476197943592243,0.0,0.1666666666666666,12,1.5,0.5222329678670935,1,2,12,0.4764083333333333,0.0714296915388365,0.25,0.5,12.0,54_task=bargaining_duration=long_term_scenario=pure_math_value_setting=bounded_first_run_proposer=coin_flip_may_meet_again_context=_long_term_type=fixed_role.csv,bargaining,,,,,,,,,,,,,,,,,,,,
0.6658166666666667,0.0018588852964759,0.66,0.6666666666666666,12,0.0008499999999999,0.0018588852964759,0.0,0.0066666666666666,12,1.0,0.0,True,True,12,0.0,0.0,0,0,12,0.6658166666666667,0.0018588852964759,0.66,0.6666666666666666,12,0.0008499999999999,0.0018588852964759,0.0,0.0066666666666666,12,1.4166666666666667,0.5149286505444373,1,2,12,0.498725,0.0027883279447139,0.49,0.5,12.0,55_task=bargaining_duration=long_term_scenario=pure_math_value_setting=bounded_first_run_proposer=system_assigned_may_meet_again_context=_long_term_type=fixed_role.csv,bargaining,,,,,,,,,,,,,,,,,,,,
0.4624999999999999,0.3023581560756292,0.0,0.9,12,0.4541666666666666,0.3011027711394878,0.0,0.9,12,0.9166666666666666,0.2886751345948128,False,True,12,0.4166666666666667,0.5149286505444373,0,1,12,0.6541666666666667,0.2588947955280584,0.0,0.9,12,0.2624999999999999,0.1772581579094586,0.0,0.5,12,1.4166666666666667,0.6685579234215214,1,3,12,0.7291666666666666,0.1657741252610328,0.5,0.9,12.0,56_task=bargaining_duration=long_term_scenario=splitting_coins_value_setting=unbounded_first_run_proposer=coin_flip_may_meet_again_context=_long_term_type=alternating_offer.csv,bargaining,,,,,,,,,,,,,,,,,,,,
0.38175,0.4486752470024697,0.001,0.99,12,0.61825,0.4486752470024698,0.01,0.999,12,1.0,0.0,True,True,12,0.6666666666666666,0.4923659639173309,0,1,12,0.92325,0.1453879606119746,0.5,0.999,12,0.07675,0.1453879606119746,0.001,0.5,12,1.3333333333333333,0.4923659639173309,1,2,12,0.92325,0.1453879606119746,0.5,0.999,12.0,57_task=bargaining_duration=long_term_scenario=splitting_coins_value_setting=unbounded_first_run_proposer=coin_flip_may_meet_again_context=_long_term_type=fixed_role.csv,bargaining,,,,,,,,,,,,,,,,,,,,
0.9741666666666668,0.0548482755730144,0.8,0.99,12,0.0258333333333333,0.0548482755730144,0.01,0.1999999999999999,12,1.0,0.0,True,True,12,0.0,0.0,0,0,12,0.9741666666666668,0.0548482755730144,0.8,0.99,12,0.0258333333333333,0.0548482755730144,0.01,0.1999999999999999,12,1.0833333333333333,0.2886751345948128,1,2,12,0.9741666666666668,0.0548482755730144,0.8,0.99,12.0,58_task=bargaining_duration=long_term_scenario=splitting_coins_value_setting=unbounded_first_run_proposer=system_assigned_may_meet_again_context=_long_term_type=fixed_role.csv,bargaining,,,,,,,,,,,,,,,,,,,,
0.2544444444444444,0.1340837468839948,0.1666666666666666,0.5,12,0.4122222222222222,0.1340837468839947,0.1666666666666666,0.5,12,1.0,0.0,True,True,12,0.5,0.5222329678670935,0,1,12,0.4733333333333332,0.0581881309706591,0.3333333333333333,0.5,12,0.1933333333333332,0.0581881309706591,0.1666666666666666,0.3333333333333333,12,1.5,0.7977240352174656,1,3,12,0.21,0.0872821964559887,0.0,0.25,12.0,59_task=bargaining_duration=long_term_scenario=splitting_coins_value_setting=bounded_first_run_proposer=coin_flip_may_meet_again_context=_long_term_type=alternating_offer.csv,bargaining,,,,,,,,,,,,,,,,,,,,
0.1090166666666666,0.245337855895403,0.0,0.666,12,0.55765,0.245337855895403,0.0006666666666666,0.6666666666666666,12,1.0,0.0,True,True,12,0.8333333333333334,0.3892494720807614,0,1,12,0.6575388888888889,0.0204539286850521,0.6,0.6666666666666666,12,0.0091277777777777,0.0204539286850521,0.0,0.0666666666666666,12,1.3333333333333333,0.6513389472789296,1,3,12,0.4863083333333333,0.0306808930275781,0.4,0.5,12.0,60_task=bargaining_duration=long_term_scenario=splitting_coins_value_setting=bounded_first_run_proposer=coin_flip_may_meet_again_context=_long_term_type=fixed_role.csv,bargaining,,,,,,,,,,,,,,,,,,,,
0.6657111111111113,0.0018242659148123,0.66,0.6666666666666666,12,0.0009555555555555,0.0018242659148123,0.0,0.0066666666666666,12,1.0,0.0,True,True,12,0.0,0.0,0,0,12,0.6657111111111113,0.0018242659148123,0.66,0.6666666666666666,12,0.0009555555555555,0.0018242659148123,0.0,0.0066666666666666,12,1.0833333333333333,0.2886751345948128,1,2,12,0.4985666666666666,0.0027363988722185,0.49,0.5,12.0,61_task=bargaining_duration=long_term_scenario=splitting_coins_value_setting=bounded_first_run_proposer=system_assigned_may_meet_again_context=_long_term_type=fixed_role.csv,bargaining,,,,,,,,,,,,,,,,,,,,
0.4778083333333333,0.1789824900442058,0.1,0.8,12,0.5221916666666667,0.1789824900442058,0.2,0.9,12,1.0,0.0,True,True,12,0.25,0.4522670168666454,0,1,12,0.490525,0.1802055348004807,0.1,0.8,12,0.509475,0.1802055348004807,0.1999999999999999,0.9,12,1.4166666666666667,0.6685579234215215,1,3,12,0.490525,0.1802055348004807,0.1,0.8,12.0,62_task=bargaining_duration=long_term_scenario=making_deals_seller_as_proposer_value_setting=unbounded_first_run_proposer=coin_flip_may_meet_again_context=_long_term_type=alternating_offer.csv,bargaining,,,,,,,,,,,,,,,,,,,,
0.5158333333333334,0.2709061673627079,0.01,0.99,12,0.4841666666666666,0.2709061673627079,0.01,0.99,12,1.0,0.0,True,True,12,0.5833333333333334,0.5149286505444373,0,1,12,0.6475000000000001,0.2234492010604322,0.5,0.99,12,0.3525,0.2234492010604321,0.01,0.5,12,1.25,0.4522670168666454,1,2,12,0.6475000000000001,0.2234492010604322,0.5,0.99,12.0,63_task=bargaining_duration=long_term_scenario=making_deals_seller_as_proposer_value_setting=unbounded_first_run_proposer=coin_flip_may_meet_again_context=_long_term_type=fixed_role.csv,bargaining,,,,,,,,,,,,,,,,,,,,
0.9855,0.027271363602271,0.9,0.999,12,0.0144999999999999,0.0272713636022709,0.001,0.0999999999999999,12,1.0,0.0,True,True,12,0.0,0.0,0,0,12,0.9855,0.027271363602271,0.9,0.999,12,0.0144999999999999,0.0272713636022709,0.001,0.0999999999999999,12,1.1666666666666667,0.5773502691896257,1,3,12,0.9855,0.027271363602271,0.9,0.999,12.0,64_task=bargaining_duration=long_term_scenario=making_deals_seller_as_proposer_value_setting=unbounded_first_run_proposer=system_assigned_may_meet_again_context=_long_term_type=fixed_role.csv,bargaining,,,,,,,,,,,,,,,,,,,,
0.2964444444444444,0.2103853767114215,0.0,0.5666666666666667,12,0.3146666666666667,0.2129938586870143,0.0,0.666,12,0.9166666666666666,0.2886751345948128,False,True,12,0.6666666666666666,0.4923659639173309,0,1,12,0.4424444444444444,0.1809944099439991,0.0,0.666,12,0.1686666666666666,0.1271470952809534,0.0,0.3333333333333333,12,1.25,0.4522670168666454,1,2,12,0.247,0.19072064292143,0.0,0.5,12.0,65_task=bargaining_duration=long_term_scenario=making_deals_seller_as_proposer_value_setting=bounded_first_run_proposer=coin_flip_may_meet_again_context=_long_term_type=alternating_offer.csv,bargaining,,,,,,,,,,,,,,,,,,,,
0.412055,0.3146311792023521,0.0,0.6666666666666666,12,0.2546116666666666,0.3146311792023522,0.0,0.6666666666666666,12,1.0,0.0,True,True,12,0.4166666666666667,0.5149286505444373,0,1,12,0.630943888888889,0.0955468778259633,0.3333333333333333,0.6666666666666666,12,0.0357227777777777,0.0955468778259633,0.0,0.3333333333333333,12,1.5,0.5222329678670935,1,2,12,0.4464158333333333,0.143320316738945,0.0,0.5,12.0,66_task=bargaining_duration=long_term_scenario=making_deals_seller_as_proposer_value_setting=bounded_first_run_proposer=coin_flip_may_meet_again_context=_long_term_type=fixed_role.csv,bargaining,,,,,,,,,,,,,,,,,,,,
0.661888888888889,0.0094059226273333,0.6333333333333333,0.6666666666666666,12,0.0047777777777777,0.0094059226273332,0.0,0.0333333333333333,12,1.0,0.0,True,True,12,0.0,0.0,0,0,12,0.661888888888889,0.0094059226273333,0.6333333333333333,0.6666666666666666,12,0.0047777777777777,0.0094059226273332,0.0,0.0333333333333333,12,1.6666666666666667,0.4923659639173309,1,2,12,0.4928333333333333,0.0141088839409999,0.45,0.5,12.0,67_task=bargaining_duration=long_term_scenario=making_deals_seller_as_proposer_value_setting=bounded_first_run_proposer=system_assigned_may_meet_again_context=_long_term_type=fixed_role.csv,bargaining,,,,,,,,,,,,,,,,,,,,
0.4666666666666666,0.1094061102941557,0.15,0.6,12,0.5333333333333333,0.1094061102941557,0.4,0.85,12,1.0,0.0,True,True,12,0.6666666666666666,0.4923659639173309,0,1,12,0.5333333333333333,0.1094061102941557,0.4,0.85,12,0.4666666666666666,0.1094061102941557,0.15,0.6,12,1.25,0.4522670168666454,1,2,12,0.5333333333333333,0.1094061102941557,0.4,0.85,12.0,68_task=bargaining_duration=long_term_scenario=making_deals_buyer_as_proposer_value_setting=unbounded_first_run_proposer=coin_flip_may_meet_again_context=_long_term_type=alternating_offer.csv,bargaining,,,,,,,,,,,,,,,,,,,,
0.4191666666666667,0.3305768603608858,0.01,0.99,12,0.5808333333333333,0.3305768603608858,0.01,0.99,12,1.0,0.0,True,True,12,0.6666666666666666,0.4923659639173309,0,1,12,0.7308333333333333,0.2414147066896725,0.5,0.99,12,0.2691666666666666,0.2414147066896725,0.01,0.5,12,1.25,0.4522670168666454,1,2,12,0.7308333333333333,0.2414147066896725,0.5,0.99,12.0,69_task=bargaining_duration=long_term_scenario=making_deals_buyer_as_proposer_value_setting=unbounded_first_run_proposer=coin_flip_may_meet_again_context=_long_term_type=fixed_role.csv,bargaining,,,,,,,,,,,,,,,,,,,,
0.9039083333333334,0.1906209253911272,0.5,0.9999,12,0.0960916666666666,0.1906209253911272,9.9999999999989e-05,0.5,12,1.0,0.0,True,True,12,0.0,0.0,0,0,12,0.9039083333333334,0.1906209253911272,0.5,0.9999,12,0.0960916666666666,0.1906209253911272,9.9999999999989e-05,0.5,12,1.25,0.4522670168666454,1,2,12,0.9039083333333334,0.1906209253911272,0.5,0.9999,12.0,70_task=bargaining_duration=long_term_scenario=making_deals_buyer_as_proposer_value_setting=unbounded_first_run_proposer=system_assigned_may_meet_again_context=_long_term_type=fixed_role.csv,bargaining,,,,,,,,,,,,,,,,,,,,
0.3394444444444444,0.2637946604759522,0.0006666666666666,0.666,12,0.3272222222222222,0.2637946604759522,0.0006666666666666,0.666,12,1.0,0.0,True,True,12,0.75,0.4522670168666454,0,1,12,0.5582222222222222,0.1202315386894091,0.3333333333333333,0.666,12,0.1084444444444444,0.1202315386894091,0.0006666666666666,0.3333333333333333,12,2.0,1.044465935734187,1,4,12,0.3373333333333333,0.1803473080341137,0.0,0.499,12.0,71_task=bargaining_duration=long_term_scenario=making_deals_buyer_as_proposer_value_setting=bounded_first_run_proposer=coin_flip_may_meet_again_context=_long_term_type=alternating_offer.csv,bargaining,,,,,,,,,,,,,,,,,,,,
0.4422722222222222,0.3264053134573619,0.0,0.6666666666666666,12,0.2243944444444444,0.3264053134573618,0.0,0.6666666666666666,12,1.0,0.0,True,True,12,0.3333333333333333,0.4923659639173309,0,1,12,0.6642722222222223,0.0031668048879987,0.66,0.6666666666666666,12,0.0023944444444444,0.0031668048879987,0.0,0.0066666666666666,12,1.4166666666666667,0.5149286505444373,1,2,12,0.4964083333333333,0.0047502073319982,0.49,0.5,12.0,72_task=bargaining_duration=long_term_scenario=making_deals_buyer_as_proposer_value_setting=bounded_first_run_proposer=coin_flip_may_meet_again_context=_long_term_type=fixed_role.csv,bargaining,,,,,,,,,,,,,,,,,,,,
0.6611611111111112,0.009234562147018,0.6333333333333333,0.6666666666666666,12,0.0055055555555555,0.009234562147018,0.0,0.0333333333333333,12,1.0,0.0,True,True,12,0.0,0.0,0,0,12,0.6611611111111112,0.009234562147018,0.6333333333333333,0.6666666666666666,12,0.0055055555555555,0.009234562147018,0.0,0.0333333333333333,12,1.5833333333333333,0.6685579234215214,1,3,12,0.4917416666666667,0.013851843220527,0.45,0.5,12.0,73_task=bargaining_duration=long_term_scenario=making_deals_buyer_as_proposer_value_setting=bounded_first_run_proposer=system_assigned_may_meet_again_context=_long_term_type=fixed_role.csv,bargaining,,,,,,,,,,,,,,,,,,,,
0.2777777777777778,0.1297498240269204,0.0,0.3333333333333333,12,0.2777777777777778,0.1297498240269204,0.0,0.3333333333333333,12,0.8333333333333334,0.3892494720807614,False,True,12,0.4166666666666667,0.5149286505444373,0,1,12,0.2777777777777778,0.1297498240269204,0.0,0.3333333333333333,12,0.2777777777777778,0.1297498240269204,0.0,0.3333333333333333,12,1.0,0.0,1,1,12,,,,,,74_task=signaling_duration=one_shot_scenario=pure_math_value_setting=bounded_first_run_proposer=coin_flip_may_meet_again_context=may_meet_again_alternating_long_term_type=.csv,signaling,0.1666666666666666,0.3892494720807614,0.0,1.0,12.0,1.0,0.0,1.0,1.0,12.0,0.0,0.0,0.0,0.0,12.0,0.8333333333333334,0.3892494720807614,0.0,1.0,12.0
0.3055555555555556,0.0962250448649376,0.0,0.3333333333333333,12,0.3055555555555556,0.0962250448649376,0.0,0.3333333333333333,12,0.9166666666666666,0.2886751345948128,False,True,12,0.5,0.5222329678670935,0,1,12,0.3055555555555556,0.0962250448649376,0.0,0.3333333333333333,12,0.3055555555555556,0.0962250448649376,0.0,0.3333333333333333,12,1.0,0.0,1,1,12,,,,,,75_task=signaling_duration=one_shot_scenario=pure_math_value_setting=bounded_first_run_proposer=coin_flip_may_meet_again_context=may_meet_again_fixed_role_long_term_type=.csv,signaling,0.0833333333333333,0.2886751345948128,0.0,1.0,12.0,1.0,0.0,1.0,1.0,12.0,0.0,0.0,0.0,0.0,12.0,0.9166666666666666,0.2886751345948128,0.0,1.0,12.0
0.3605555555555556,0.0943005439676388,0.3333333333333333,0.6599999999999999,12,0.3061111111111111,0.0943005439676389,0.0066666666666666,0.3333333333333333,12,1.0,0.0,True,True,12,0.0,0.0,0,0,12,0.3605555555555556,0.0943005439676388,0.3333333333333333,0.6599999999999999,12,0.3061111111111111,0.0943005439676389,0.0066666666666666,0.3333333333333333,12,1.0,0.0,1,1,12,,,,,,76_task=signaling_duration=one_shot_scenario=pure_math_value_setting=bounded_first_run_proposer=system_assigned_may_meet_again_context=never_meet_again_long_term_type=.csv,signaling,0.0408333333333333,0.1414508159514582,0.0,0.49,12.0,1.0,0.0,1.0,1.0,12.0,0.0,0.0,0.0,0.0,12.0,1.0,0.0,1.0,1.0,12.0
0.2777777777777778,0.1297498240269204,0.0,0.3333333333333333,12,0.2777777777777778,0.1297498240269204,0.0,0.3333333333333333,12,0.8333333333333334,0.3892494720807614,False,True,12,0.5,0.5222329678670935,0,1,12,0.2777777777777778,0.1297498240269204,0.0,0.3333333333333333,12,0.2777777777777778,0.1297498240269204,0.0,0.3333333333333333,12,1.0,0.0,1,1,12,,,,,,77_task=signaling_duration=one_shot_scenario=grading_students_value_setting=bounded_first_run_proposer=coin_flip_may_meet_again_context=may_meet_again_alternating_long_term_type=.csv,signaling,0.1666666666666666,0.3892494720807615,0.0,1.0,12.0,1.0,0.0,1.0,1.0,12.0,0.0,0.0,0.0,0.0,12.0,0.8333333333333334,0.3892494720807614,0.0,1.0,12.0
0.2777777777777778,0.1924500897298752,0.0,0.6666666666666666,12,0.2222222222222222,0.1641219879724436,0.0,0.3333333333333333,12,0.75,0.4522670168666454,False,True,12,0.5,0.5222329678670935,0,1,12,0.2777777777777778,0.1924500897298752,0.0,0.6666666666666666,12,0.2222222222222222,0.1641219879724436,0.0,0.3333333333333333,12,1.0,0.0,1,1,12,,,,,,78_task=signaling_duration=one_shot_scenario=grading_students_value_setting=bounded_first_run_proposer=coin_flip_may_meet_again_context=may_meet_again_fixed_role_long_term_type=.csv,signaling,0.2916666666666667,0.45016831868926,0.0,1.0,12.0,1.0,0.0,1.0,1.0,12.0,0.0,0.0,0.0,0.0,12.0,0.75,0.4522670168666454,0.0,1.0,12.0
0.1388888888888888,0.1716428835148123,0.0,0.3333333333333333,12,0.1388888888888888,0.1716428835148123,0.0,0.3333333333333333,12,0.4166666666666667,0.5149286505444373,False,True,12,0.0,0.0,0,0,12,0.1388888888888888,0.1716428835148123,0.0,0.3333333333333333,12,0.1388888888888888,0.1716428835148123,0.0,0.3333333333333333,12,1.0,0.0,1,1,12,,,,,,79_task=signaling_duration=one_shot_scenario=grading_students_value_setting=bounded_first_run_proposer=system_assigned_may_meet_again_context=never_meet_again_long_term_type=.csv,signaling,0.5416666666666666,0.498102459947811,0.0,1.0,12.0,1.0,0.0,1.0,1.0,12.0,0.0,0.0,0.0,0.0,12.0,0.4166666666666667,0.5149286505444373,0.0,1.0,12.0
0.2638888888888889,0.166034153315937,0.0,0.5,12,0.2361111111111111,0.1500561062297533,0.0,0.3333333333333333,12,0.75,0.4522670168666454,False,True,12,0.6666666666666666,0.4923659639173309,0,1,12,0.2638888888888889,0.166034153315937,0.0,0.5,12,0.2361111111111111,0.1500561062297533,0.0,0.3333333333333333,12,1.0,0.0,1,1,12,,,,,,80_task=signaling_duration=one_shot_scenario=selling_products_value_setting=bounded_first_run_proposer=coin_flip_may_meet_again_context=may_meet_again_alternating_long_term_type=.csv,signaling,0.1125,0.1955470182939038,0.0,0.5,12.0,1.0,0.0,1.0,1.0,12.0,0.0,0.0,0.0,0.0,12.0,0.8333333333333334,0.3892494720807614,0.0,1.0,12.0
0.25,0.1507556722888818,0.0,0.3333333333333333,12,0.25,0.1507556722888818,0.0,0.3333333333333333,12,0.75,0.4522670168666454,False,True,12,0.5833333333333334,0.5149286505444373,0,1,12,0.25,0.1507556722888818,0.0,0.3333333333333333,12,0.25,0.1507556722888818,0.0,0.3333333333333333,12,1.0,0.0,1,1,12,,,,,,81_task=signaling_duration=one_shot_scenario=selling_products_value_setting=bounded_first_run_proposer=coin_flip_may_meet_again_context=may_meet_again_fixed_role_long_term_type=.csv,signaling,0.2083333333333333,0.3964807305493795,0.0,1.0,12.0,1.0,0.0,1.0,1.0,12.0,0.0,0.0,0.0,0.0,12.0,0.8333333333333334,0.3892494720807614,0.0,1.0,12.0
0.1388888888888888,0.1716428835148123,0.0,0.3333333333333333,12,0.1388888888888888,0.1716428835148123,0.0,0.3333333333333333,12,0.4166666666666667,0.5149286505444373,False,True,12,0.0,0.0,0,0,12,0.1388888888888888,0.1716428835148123,0.0,0.3333333333333333,12,0.1388888888888888,0.1716428835148123,0.0,0.3333333333333333,12,1.0,0.0,1,1,12,,,,,,82_task=signaling_duration=one_shot_scenario=selling_products_value_setting=bounded_first_run_proposer=system_assigned_may_meet_again_context=never_meet_again_long_term_type=.csv,signaling,0.5833333333333334,0.5149286505444373,0.0,1.0,12.0,1.0,0.0,1.0,1.0,12.0,0.0,0.0,0.0,0.0,12.0,0.4166666666666667,0.5149286505444373,0.0,1.0,12.0
0.3611111111111111,0.0962250448649376,0.3333333333333333,0.6666666666666666,12,0.3055555555555556,0.0962250448649376,0.0,0.3333333333333333,12,1.0,0.0,True,True,12,0.3333333333333333,0.4923659639173309,0,1,12,0.3611111111111111,0.0962250448649376,0.3333333333333333,0.6666666666666666,12,0.3055555555555556,0.0962250448649376,0.0,0.3333333333333333,12,1.0833333333333333,0.2886751345948128,1,2,12,,,,,,83_task=signaling_duration=long_term_scenario=pure_math_value_setting=bounded_first_run_proposer=coin_flip_may_meet_again_context=_long_term_type=alternating_offer.csv,signaling,0.0416666666666666,0.1443375672974064,0.0,0.5,12.0,1.0,0.0,1.0,1.0,12.0,0.0,0.0,0.0,0.0,12.0,1.0,0.0,1.0,1.0,12.0
0.3333333333333333,0.0,0.3333333333333333,0.3333333333333333,12,0.3333333333333333,0.0,0.3333333333333333,0.3333333333333333,12,1.0,0.0,True,True,12,0.0,0.0,0,0,12,0.3333333333333333,0.0,0.3333333333333333,0.3333333333333333,12,0.3333333333333333,0.0,0.3333333333333333,0.3333333333333333,12,1.0,0.0,1,1,12,,,,,,84_task=signaling_duration=long_term_scenario=pure_math_value_setting=bounded_first_run_proposer=system_assigned_may_meet_again_context=_long_term_type=fixed_role.csv,signaling,0.0,0.0,0.0,0.0,12.0,1.0,0.0,1.0,1.0,12.0,0.0,0.0,0.0,0.0,12.0,1.0,0.0,1.0,1.0,12.0
0.3333333333333333,0.0,0.3333333333333333,0.3333333333333333,12,0.3333333333333333,0.0,0.3333333333333333,0.3333333333333333,12,1.0,0.0,True,True,12,0.75,0.4522670168666454,0,1,12,0.3333333333333333,0.0,0.3333333333333333,0.3333333333333333,12,0.3333333333333333,0.0,0.3333333333333333,0.3333333333333333,12,1.1666666666666667,0.3892494720807615,1,2,12,,,,,,85_task=signaling_duration=long_term_scenario=grading_students_value_setting=bounded_first_run_proposer=coin_flip_may_meet_again_context=_long_term_type=alternating_offer.csv,signaling,0.0,0.0,0.0,0.0,12.0,1.0,0.0,1.0,1.0,12.0,0.0,0.0,0.0,0.0,12.0,1.0,0.0,1.0,1.0,12.0
0.3611111111111111,0.0962250448649376,0.3333333333333333,0.6666666666666666,12,0.3055555555555556,0.0962250448649376,0.0,0.3333333333333333,12,1.0,0.0,True,True,12,0.0,0.0,0,0,12,0.3611111111111111,0.0962250448649376,0.3333333333333333,0.6666666666666666,12,0.3055555555555556,0.0962250448649376,0.0,0.3333333333333333,12,1.5833333333333333,0.5149286505444373,1,2,12,,,,,,86_task=signaling_duration=long_term_scenario=grading_students_value_setting=bounded_first_run_proposer=system_assigned_may_meet_again_context=_long_term_type=fixed_role.csv,signaling,0.0416666666666666,0.1443375672974064,0.0,0.5,12.0,1.0,0.0,1.0,1.0,12.0,0.0,0.0,0.0,0.0,12.0,1.0,0.0,1.0,1.0,12.0
0.3333333333333333,0.0,0.3333333333333333,0.3333333333333333,12,0.3333333333333333,0.0,0.3333333333333333,0.3333333333333333,12,1.0,0.0,True,True,12,0.25,0.4522670168666454,0,1,12,0.3333333333333333,0.0,0.3333333333333333,0.3333333333333333,12,0.3333333333333333,0.0,0.3333333333333333,0.3333333333333333,12,1.4166666666666667,0.5149286505444373,1,2,12,,,,,,87_task=signaling_duration=long_term_scenario=selling_products_value_setting=bounded_first_run_proposer=coin_flip_may_meet_again_context=_long_term_type=alternating_offer.csv,signaling,0.0,0.0,0.0,0.0,12.0,1.0,0.0,1.0,1.0,12.0,0.0,0.0,0.0,0.0,12.0,1.0,0.0,1.0,1.0,12.0
0.3611111111111111,0.0962250448649376,0.3333333333333333,0.6666666666666666,12,0.3055555555555556,0.0962250448649376,0.0,0.3333333333333333,12,1.0,0.0,True,True,12,0.0,0.0,0,0,12,0.3611111111111111,0.0962250448649376,0.3333333333333333,0.6666666666666666,12,0.3055555555555556,0.0962250448649376,0.0,0.3333333333333333,12,1.5,0.5222329678670935,1,2,12,,,,,,88_task=signaling_duration=long_term_scenario=selling_products_value_setting=bounded_first_run_proposer=system_assigned_may_meet_again_context=_long_term_type=fixed_role.csv,signaling,0.0416666666666666,0.1443375672974064,0.0,0.5,12.0,1.0,0.0,1.0,1.0,12.0,0.0,0.0,0.0,0.0,12.0,1.0,0.0,1.0,1.0,12.0
